id,custom_label_0
103814,Zombie
101767,Villain
104695,Sidekick
103594,Sidekick
102469,Sidekick
100726,Villain
101453,Fix-Me
104696,Sidekick
100443,Sidekick
103789,Zombie
100031,Villain
102523,Fix-Me
102917,Fix-Me
105502,Fix-Me
103687,Zombie
102900,Fix-Me
103343,Fix-Me
104429,Villain
102521,Fix-Me
100420,Hero
101641,Fix-Me
104685,Villain
105287,Zombie
100166,Zombie
104897,Fix-Me
104797,Zombie
102518,Fix-Me
100736,Zombie
105265,Zombie
103828,Hero
101316,Fix-Me
103373,Fix-Me
103528,Villain
102824,Fix-Me
103711,Zombie
103283,Sidekick
101024,Zombie
103634,Zombie
104957,Zombie
100112,Zombie
100034,Zombie
104682,Zombie
100433,Sidekick
100416,Sidekick
103303,Zombie
103533,Hero
100445,Zombie
101569,Villain
103929,Villain
100375,Hero
100992,Villain
100803,Sidekick
101866,Zombie
105281,Zombie
105124,Zombie
105144,Fix-Me
101507,Hero
105469,Fix-Me
104820,Zombie
103238,Zombie
104536,Sidekick
104722,Zombie
103794,Zombie
104959,Zombie
103631,Zombie
101027,Zombie
102498,Fix-Me
105114,Zombie
103206,Sidekick
103551,Hero
100988,Zombie
100218,Zombie
100204,Zombie
100758,Villain
104017,Fix-Me
100209,Zombie
105543,Sidekick
101045,Zombie
104726,Zombie
104044,Zombie
100858,Fix-Me
104440,Villain
100278,Zombie
101709,Zombie
104863,Sidekick
101684,Sidekick
100357,Zombie
101000,Zombie
100172,Zombie
101693,Zombie
100690,Zombie
103920,Hero
104146,Hero
105240,Fix-Me
100127,Zombie
101191,Villain
103725,Zombie
100401,Zombie
100227,Zombie
100213,Zombie
105304,Zombie
100450,Fix-Me
104951,Zombie
101117,Zombie
104021,Villain
101861,Zombie
104403,Zombie
101673,Fix-Me
101708,Fix-Me
101452,Villain
104554,Sidekick
104452,Hero
103846,Zombie
102412,Zombie
104088,Hero
100332,Zombie
104490,Fix-Me
103362,Fix-Me
101696,Zombie
100333,Zombie
103650,Zombie
100094,Zombie
103892,Zombie
104801,Zombie
101088,Zombie
104045,Zombie
101077,Zombie
103660,Zombie
104464,Fix-Me
105295,Zombie
105162,Fix-Me
104676,Hero
100075,Villain
100317,Newborn
101076,Zombie
101803,Zombie
105149,Zombie
101711,Zombie
103351,Zombie
105539,Zombie
102445,Zombie
101918,Villain
100297,Zombie
103372,Villain
101444,Sidekick
102553,Villain
104698,Zombie
103651,Zombie
101209,Hero
103915,Villain
100123,Zombie
104851,Fix-Me
102516,Fix-Me
104848,Zombie
105416,Fix-Me
103345,Fix-Me
104815,Zombie
103466,Zombie
101028,Zombie
100192,Zombie
104639,Sidekick
101559,Villain
104958,Zombie
103352,Fix-Me
102524,Fix-Me
105031,Zombie
105544,Zombie
104036,Zombie
103578,Fix-Me
101793,Zombie
100679,Zombie
101041,Zombie
103340,Zombie
100203,Zombie
103749,Zombie
104910,Villain
100360,Zombie
105327,Sidekick
105557,Zombie
104898,Zombie
104478,Villain
103710,Zombie
105505,Sidekick
103727,Fix-Me
101127,Zombie
101031,Zombie
103662,Sidekick
101695,Zombie
100175,Zombie
105151,Fix-Me
103580,Sidekick
101051,Zombie
105516,Fix-Me
105527,Zombie
105213,Zombie
101092,Zombie
100362,Newborn
101116,Zombie
105355,Zombie
100374,Zombie
100400,Zombie
101234,Fix-Me
103353,Fix-Me
100379,Hero
101530,Hero
105565,Sidekick
104757,Newborn
101630,Zombie
102538,Zombie
104900,Zombie
104977,Fix-Me
100275,Zombie
101078,Zombie
101052,Zombie
101014,Zombie
104352,Zombie
101634,Zombie
104133,Zombie
105202,Zombie
100017,Zombie
100285,Zombie
100786,Villain
104734,Fix-Me
104996,Fix-Me
105371,Hero
105019,Zombie
103320,Zombie
101742,Zombie
100280,Zombie
103110,Zombie
101174,Sidekick
103864,Zombie
105251,Sidekick
102576,Sidekick
101179,Sidekick
103294,Villain
105126,Sidekick
105269,Zombie
100336,Zombie
105212,Zombie
103257,Fix-Me
103666,Sidekick
105058,Sidekick
104559,Fix-Me
100425,Villain
104813,Zombie
102476,Hero
105007,Zombie
105027,Zombie
104136,Villain
105220,Sidekick
100061,Fix-Me
100111,Zombie
100236,Zombie
104712,Zombie
100199,Zombie
105554,Zombie
103641,Zombie
104439,Fix-Me
100193,Zombie
100050,Fix-Me
101712,Zombie
101466,Fix-Me
103212,Zombie
104756,Zombie
100124,Zombie
105333,Fix-Me
103251,Zombie
102860,Villain
101465,Fix-Me
100042,Villain
104013,Zombie
104087,Hero
100993,Zombie
103621,Zombie
105020,Zombie
100463,Zombie
104983,Fix-Me
104007,Zombie
105360,Villain
105434,Fix-Me
105289,Sidekick
102475,Sidekick
100214,Zombie
100131,Zombie
100237,Zombie
103193,Zombie
101933,Sidekick
102487,Villain
105088,Fix-Me
103630,Zombie
102547,Hero
104566,Fix-Me
103434,Zombie
101484,Fix-Me
101112,Sidekick
101697,Zombie
103363,Fix-Me
104436,Villain
101001,Zombie
102525,Fix-Me
102444,Sidekick
103348,Zombie
100347,Newborn
101766,Sidekick
101231,Fix-Me
100162,Zombie
103368,Sidekick
103144,Zombie
101633,Fix-Me
101026,Zombie
101068,Fix-Me
104886,Zombie
103702,Zombie
100376,Sidekick
105053,Zombie
100092,Zombie
100161,Zombie
102471,Sidekick
100370,Sidekick
100224,Newborn
101535,Hero
104891,Zombie
105035,Zombie
100083,Fix-Me
105041,Fix-Me
103772,Zombie
102485,Zombie
104641,Fix-Me
105218,Villain
102429,Zombie
104139,Fix-Me
102808,Newborn
103637,Hero
103830,Fix-Me
103262,Sidekick
105533,Villain
102863,Hero
100321,Newborn
100391,Zombie
104785,Zombie
105310,Zombie
102508,Fix-Me
105062,Zombie
102921,Villain
105235,Sidekick
100674,Hero
104093,Villain
101114,Fix-Me
105396,Zombie
100713,Fix-Me
104728,Zombie
105421,Fix-Me
100228,Zombie
105147,Zombie
100205,Zombie
101763,Fix-Me
102436,Zombie
102514,Fix-Me
100128,Zombie
100689,Zombie
100105,Zombie
103656,Zombie
105352,Zombie
102461,Fix-Me
101039,Zombie
104994,Villain
102519,Fix-Me
100763,Fix-Me
100856,Villain
103288,Fix-Me
102894,Zombie
103127,Fix-Me
103001,Villain
103111,Zombie
105637,Zombie
103855,Zombie
101211,Villain
100249,Zombie
100350,Newborn
104888,Zombie
103904,Zombie
103236,Zombie
105457,Fix-Me
103623,Zombie
103620,Zombie
101216,Zombie
100216,Zombie
100324,Zombie
100051,Sidekick
103867,Zombie
101185,Hero
104492,Zombie
101064,Sidekick
103703,Zombie
101090,Zombie
105408,Fix-Me
104978,Villain
105511,Fix-Me
104131,Sidekick
101136,Zombie
100383,Villain
103757,Newborn
103319,Fix-Me
105290,Villain
103811,Zombie
101013,Zombie
100767,Villain
103297,Sidekick
104732,Zombie
103274,Fix-Me
102501,Sidekick
105384,Sidekick
100760,Sidekick
102918,Fix-Me
100027,Zombie
101728,Zombie
104972,Zombie
103307,Zombie
101647,Sidekick
105431,Fix-Me
105253,Zombie
100108,Zombie
103648,Zombie
100692,Zombie
104555,Villain
105672,Newborn
103473,Sidekick
104855,Zombie
100253,Zombie
100359,Zombie
101212,Hero
103664,Zombie
104427,Villain
104762,Hero
104745,Newborn
105365,Zombie
103639,Zombie
100200,Zombie
105025,Zombie
105548,Zombie
100382,Villain
100221,Zombie
102875,Villain
100807,Hero
104004,Zombie
100757,Sidekick
101832,Villain
104057,Zombie
104936,Zombie
104803,Zombie
103780,Zombie
104485,Zombie
103761,Zombie
100025,Sidekick
102902,Zombie
102504,Fix-Me
105286,Zombie
100176,Zombie
100106,Zombie
103298,Fix-Me
105526,Hero
102453,Sidekick
104827,Fix-Me
104800,Newborn
100316,Newborn
100202,Newborn
105403,Sidekick
100190,Zombie
103785,Fix-Me
101479,Fix-Me
104474,Zombie
100366,Zombie
105486,Sidekick
103371,Fix-Me
103462,Zombie
100353,Zombie
103171,Zombie
100419,Sidekick
103338,Zombie
102835,Zombie
104774,Zombie
103719,Zombie
101313,Hero
103707,Zombie
100999,Sidekick
101464,Fix-Me
100714,Zombie
105427,Villain
100781,Fix-Me
100160,Zombie
100394,Zombie
103223,Fix-Me
100363,Zombie
103284,Fix-Me
101644,Zombie
104401,Fix-Me
100147,Zombie
102847,Sidekick
103805,Zombie
103663,Zombie
100849,Fix-Me
102493,Fix-Me
100802,Villain
102437,Zombie
101107,Zombie
101098,Fix-Me
103299,Villain
100723,Zombie
104986,Fix-Me
101121,Zombie
101671,Newborn
104467,Sidekick
101687,Sidekick
100206,Zombie
105364,Sidekick
102851,Sidekick
101170,Hero
102563,Hero
100201,Zombie
102857,Zombie
100314,Zombie
100250,Zombie
103642,Zombie
103123,Fix-Me
105150,Fix-Me
105594,Zombie
100082,Villain
105249,Sidekick
102554,Fix-Me
105323,Sidekick
102889,Zombie
101701,Zombie
103619,Zombie
103146,Zombie
103600,Fix-Me
105351,Zombie
101672,Zombie
101115,Zombie
104982,Fix-Me
103644,Zombie
102552,Hero
103239,Zombie
105628,Fix-Me
103991,Zombie
105520,Sidekick
103953,Villain
100078,Sidekick
104952,Zombie
101224,Fix-Me
104434,Hero
100987,Zombie
101762,Zombie
102922,Fix-Me
102870,Sidekick
104678,Villain
102862,Sidekick
101049,Zombie
104960,Zombie
104564,Zombie
100377,Villain
101694,Zombie
103654,Zombie
100125,Zombie
101040,Zombie
100770,Fix-Me
104043,Newborn
105401,Hero
103468,Zombie
103601,Fix-Me
105291,Zombie
105018,Zombie
100120,Zombie
101223,Fix-Me
102435,Zombie
100247,Zombie
102527,Fix-Me
105644,Fix-Me
101802,Sidekick
101130,Zombie
101678,Hero
100014,Sidekick
105559,Zombie
103467,Zombie
100392,Zombie
100046,Zombie
101101,Zombie
101448,Fix-Me
103114,Zombie
101124,Zombie
103166,Zombie
102512,Sidekick
101220,Sidekick
104640,Fix-Me
101048,Zombie
101426,Hero
100766,Fix-Me
100296,Zombie
105513,Sidekick
103831,Fix-Me
105040,Fix-Me
101768,Hero
103808,Zombie
100351,Zombie
104707,Fix-Me
100099,Zombie
102864,Hero
105059,Zombie
103970,Villain
102573,Sidekick
101423,Fix-Me
104535,Sidekick
105061,Zombie
103532,Fix-Me
102916,Fix-Me
103916,Sidekick
104551,Fix-Me
105137,Fix-Me
104716,Sidekick
105532,Zombie
105379,Fix-Me
101126,Sidekick
100177,Zombie
100342,Zombie
103913,Fix-Me
105087,Zombie
105332,Fix-Me
104084,Zombie
104560,Sidekick
100198,Zombie
104856,Zombie
100776,Fix-Me
105123,Zombie
105011,Zombie
100985,Sidekick
100346,Zombie
102815,Zombie
103816,Zombie
104342,Hero
102619,Fix-Me
100739,Zombie
104500,Sidekick
101178,Villain
103818,Zombie
101478,Fix-Me
101560,Hero
100263,Zombie
104561,Fix-Me
100098,Zombie
100681,Zombie
100368,Zombie
100037,Zombie
105560,Zombie
105390,Fix-Me
104858,Zombie
104552,Villain
105397,Zombie
104816,Zombie
100705,Zombie
102559,Fix-Me
101751,Zombie
105279,Zombie
100783,Fix-Me
101004,Zombie
100397,Sidekick
104660,Hero
102868,Fix-Me
105252,Fix-Me
102867,Zombie
104625,Zombie
101100,Zombie
104893,Zombie
105145,Fix-Me
105233,Sidekick
103754,Sidekick
101175,Hero
103625,Zombie
103457,Fix-Me
100126,Zombie
100081,Villain
104881,Zombie
102482,Fix-Me
105530,Zombie
105001,Zombie
105645,Fix-Me
104101,Zombie
104123,Zombie
104753,Newborn
105207,Zombie
105536,Zombie
103882,Fix-Me
100248,Zombie
105361,Hero
101468,Fix-Me
105349,Hero
105676,Newborn
105546,Zombie
100257,Zombie
104804,Zombie
103278,Zombie
103292,Villain
104664,Zombie
100827,Villain
104679,Villain
100388,Fix-Me
105266,Fix-Me
104573,Fix-Me
105381,Fix-Me
103699,Zombie
105535,Zombie
104692,Zombie
101567,Villain
100759,Fix-Me
103827,Zombie
103821,Zombie
105646,Fix-Me
104475,Sidekick
105296,Zombie
105214,Zombie
105021,Zombie
100271,Newborn
104659,Fix-Me
100040,Sidekick
100315,Zombie
102905,Sidekick
101679,Zombie
100292,Zombie
103759,Fix-Me
102463,Fix-Me
100312,Zombie
102544,Sidekick
104012,Fix-Me
103196,Zombie
101482,Sidekick
104082,Hero
101443,Villain
101533,Villain
103665,Zombie
101104,Zombie
104740,Zombie
100390,Zombie
104990,Fix-Me
102438,Zombie
105057,Fix-Me
101661,Zombie
100447,Hero
105472,Zombie
103716,Zombie
103346,Fix-Me
105414,Sidekick
104947,Fix-Me
104047,Zombie
103624,Zombie
100267,Zombie
104418,Zombie
100293,Zombie
101294,Villain
104967,Fix-Me
101653,Fix-Me
103112,Fix-Me
103581,Zombie
100677,Zombie
100307,Newborn
105503,Villain
101483,Fix-Me
104094,Fix-Me
105593,Fix-Me
101102,Zombie
105208,Zombie
102515,Sidekick
100252,Zombie
105670,Villain
100355,Newborn
104298,Hero
100704,Sidekick
103306,Zombie
102488,Fix-Me
105046,Fix-Me
101760,Zombie
104575,Zombie
103275,Fix-Me
105234,Sidekick
100276,Zombie
103824,Zombie
105223,Villain
105567,Zombie
101538,Villain
103842,Zombie
100768,Fix-Me
103786,Zombie
105000,Zombie
104783,Zombie
102541,Zombie
101625,Zombie
103242,Newborn
100339,Zombie
103116,Zombie
100371,Fix-Me
100845,Hero
101376,Hero
103282,Fix-Me
103113,Zombie
101504,Villain
100408,Hero
103775,Zombie
102440,Zombie
103994,Zombie
100231,Zombie
102582,Fix-Me
104469,Villain
100142,Zombie
103370,Fix-Me
101362,Fix-Me
105528,Zombie
104468,Villain
103610,Villain
101050,Fix-Me
101529,Sidekick
103281,Fix-Me
101085,Zombie
105206,Zombie
104932,Villain
100030,Zombie
101698,Zombie
104568,Zombie
104925,Hero
105498,Hero
103314,Zombie
103652,Zombie
105561,Zombie
105428,Hero
102431,Zombie
100165,Zombie
103912,Zombie
101494,Hero
101192,Fix-Me
105555,Zombie
100680,Zombie
102832,Zombie
104346,Sidekick
101463,Zombie
101093,Zombie
105047,Zombie
100384,Sidekick
104991,Fix-Me
101713,Zombie
100243,Zombie
103013,Sidekick
105014,Zombie
105671,Newborn
100340,Zombie
101471,Fix-Me
104999,Zombie
105024,Zombie
104845,Fix-Me
105669,Hero
103324,Zombie
100724,Sidekick
102442,Sidekick
104135,Villain
105016,Zombie
101214,Zombie
103455,Fix-Me
103214,Fix-Me
101460,Hero
100130,Zombie
100476,Hero
103822,Villain
104721,Zombie
101467,Fix-Me
101208,Villain
101729,Zombie
103944,Sidekick
104836,Villain
102820,Fix-Me
104738,Newborn
103914,Fix-Me
104691,Zombie
102441,Sidekick
105129,Zombie
102850,Villain
100090,Zombie
105303,Zombie
100234,Newborn
105470,Fix-Me
100725,Sidekick
104090,Sidekick
100330,Zombie
100254,Zombie
103245,Sidekick
104883,Zombie
101182,Villain
103131,Sidekick
103969,Sidekick
104011,Zombie
105564,Newborn
105437,Fix-Me
104296,Villain
101020,Fix-Me
100167,Zombie
101186,Villain
103771,Zombie
102834,Fix-Me
101046,Zombie
101042,Zombie
105305,Zombie
102450,Fix-Me
101415,Hero
103861,Zombie
103121,Sidekick
100153,Zombie
101420,Fix-Me
105198,Zombie
104735,Zombie
105259,Fix-Me
100348,Newborn
100389,Zombie
100138,Zombie
105331,Villain
100272,Zombie
102830,Zombie
104730,Zombie
103684,Zombie
100684,Zombie
105132,Zombie
102861,Sidekick
104462,Villain
103762,Zombie
104713,Hero
104355,Villain
100782,Fix-Me
105566,Zombie
104526,Villain
103906,Zombie
103809,Sidekick
100091,Zombie
104725,Zombie
104793,Zombie
101474,Fix-Me
103264,Fix-Me
103011,Zombie
100283,Zombie
100385,Sidekick
100266,Newborn
100026,Zombie
104975,Sidekick
103168,Zombie
104438,Fix-Me
103256,Sidekick
102483,Hero
103645,Zombie
103801,Zombie
105002,Zombie
101008,Zombie
103224,Fix-Me
100183,Zombie
101480,Fix-Me
100049,Zombie
101330,Sidekick
103222,Fix-Me
101196,Hero
104407,Hero
100290,Zombie
103369,Hero
104558,Sidekick
100472,Hero
101717,Zombie
103952,Sidekick
105164,Zombie
104129,Zombie
101197,Fix-Me
105348,Fix-Me
104533,Villain
103015,Sidekick
101201,Zombie
104445,Fix-Me
102893,Zombie
100057,Fix-Me
103317,Fix-Me
103945,Sidekick
103990,Zombie
105243,Fix-Me
105558,Zombie
100194,Zombie
103014,Fix-Me
103812,Zombie
102825,Villain
105163,Zombie
100170,Zombie
103235,Villain
104834,Villain
101111,Zombie
101180,Villain
101798,Zombie
101733,Zombie
105255,Zombie
104749,Zombie
103799,Fix-Me
102621,Zombie
100010,Hero
104733,Zombie
100352,Zombie
101067,Zombie
104773,Zombie
104486,Zombie
100417,Hero
101035,Zombie
101472,Fix-Me
105012,Zombie
100079,Villain
101461,Villain
104809,Zombie
103690,Zombie
103647,Zombie
101757,Zombie
102819,Zombie
100107,Zombie
100039,Fix-Me
104766,Zombie
100372,Fix-Me
103159,Sidekick
100054,Zombie
102537,Zombie
103612,Sidekick
105010,Zombie
101710,Zombie
104747,Zombie
104926,Villain
103712,Zombie
101057,Fix-Me
103330,Zombie
104949,Zombie
100171,Zombie
101120,Zombie
104802,Zombie
105036,Zombie
101622,Villain
105258,Zombie
103527,Zombie
103658,Zombie
104759,Zombie
102473,Fix-Me
103635,Villain
101345,Sidekick
105484,Villain
103947,Villain
101205,Villain
103696,Zombie
102977,Sidekick
100220,Zombie
103988,Newborn
104974,Zombie
101524,Villain
100058,Sidekick
100823,Villain
104699,Zombie
105509,Fix-Me
103388,Zombie
100994,Zombie
103773,Zombie
105211,Zombie
103777,Sidekick
104720,Fix-Me
104852,Zombie
102807,Zombie
103996,Zombie
103627,Zombie
103709,Zombie
101685,Sidekick
103649,Zombie
103606,Fix-Me
100792,Hero
103721,Zombie
101139,Zombie
100229,Zombie
103640,Zombie
100804,Villain
102474,Sidekick
103643,Zombie
100273,Zombie
101470,Fix-Me
100245,Newborn
104446,Zombie
101037,Zombie
103966,Fix-Me
100242,Zombie
101831,Sidekick
105146,Zombie
105315,Fix-Me
100135,Zombie
104489,Zombie
102522,Zombie
100265,Zombie
103122,Sidekick
102490,Fix-Me
104895,Zombie
100080,Zombie
105009,Zombie
101540,Villain
104354,Zombie
104687,Fix-Me
101795,Zombie
101794,Zombie
103211,Fix-Me
105222,Fix-Me
101749,Zombie
105388,Zombie
101016,Zombie
103260,Hero
105300,Zombie
104697,Zombie
101660,Zombie
103985,Sidekick
103819,Zombie
104473,Hero
105239,Fix-Me
102462,Fix-Me
105138,Sidekick
105335,Hero
103204,Fix-Me
103900,Zombie
105385,Sidekick
100086,Zombie
103359,Fix-Me
104718,Villain
101487,Sidekick
103296,Villain
104995,Fix-Me
100853,Fix-Me
103010,Zombie
104130,Zombie
105501,Sidekick
100052,Fix-Me
104927,Newborn
101873,Zombie
101086,Zombie
100318,Newborn
105373,Fix-Me
101195,Villain
104907,Zombie
101765,Zombie
100151,Zombie
100197,Zombie
101184,Villain
102913,Sidekick
100313,Zombie
105404,Villain
100717,Zombie
100322,Zombie
100304,Zombie
105615,Sidekick
104789,Zombie
103701,Zombie
100023,Zombie
104019,Zombie
102997,Fix-Me
104420,Fix-Me
101558,Sidekick
100764,Zombie
105312,Zombie
101074,Zombie
104724,Zombie
100141,Zombie
100018,Zombie
101029,Zombie
104402,Fix-Me
102569,Hero
105241,Fix-Me
101564,Sidekick
104723,Zombie
102772,Sidekick
102468,Fix-Me
103417,Zombie
101183,Villain
103325,Zombie
104003,Zombie
104039,Zombie
105247,Zombie
101189,Villain
101206,Villain
105316,Villain
101009,Zombie
100118,Sidekick
104571,Zombie
100826,Fix-Me
103921,Sidekick
100013,Sidekick
100139,Zombie
100844,Fix-Me
100847,Sidekick
101044,Zombie
101492,Hero
105617,Villain
101669,Zombie
105122,Fix-Me
103366,Villain
104823,Sidekick
104529,Hero
100334,Zombie
101063,Zombie
100084,Fix-Me
103992,Zombie
105610,Zombie
101800,Zombie
105531,Zombie
102456,Sidekick
104997,Fix-Me
103263,Fix-Me
103611,Zombie
105563,Zombie
104903,Villain
103986,Hero
104708,Zombie
105674,Newborn
100044,Zombie
105673,Newborn
100301,Zombie
105113,Sidekick
103807,Zombie
104000,Zombie
100310,Zombie
100729,Zombie
101473,Zombie
103718,Zombie
100852,Fix-Me
103301,Fix-Me
105205,Zombie
105512,Zombie
103715,Zombie
105052,Zombie
101110,Fix-Me
100410,Villain
104956,Sidekick
105473,Zombie
101007,Zombie
101119,Fix-Me
101218,Villain
102584,Zombie
104623,Sidekick
100424,Sidekick
100365,Zombie
101858,Zombie
105320,Hero
103598,Sidekick
101505,Sidekick
101059,Newborn
103767,Sidekick
104838,Fix-Me
101739,Zombie
103349,Zombie
101754,Zombie
101033,Zombie
100325,Zombie
102517,Fix-Me
100855,Sidekick
100181,Fix-Me
101094,Zombie
105118,Fix-Me
102891,Zombie
101091,Zombie
101018,Zombie
102451,Fix-Me
103192,Zombie
105631,Zombie
100178,Zombie
104760,Newborn
105506,Sidekick
100343,Zombie
100306,Zombie
102846,Sidekick
102575,Zombie
104611,Sidekick
102477,Sidekick
104124,Fix-Me
101670,Zombie
102915,Sidekick
104758,Zombie
104873,Hero
103169,Zombie
103933,Villain
103334,Zombie
105292,Hero
101716,Zombie
100238,Zombie
100270,Zombie
104046,Zombie
104431,Zombie
100361,Zombie
102855,Zombie
102472,Fix-Me
101639,Fix-Me
102489,Fix-Me
105346,Fix-Me
101418,Fix-Me
105244,Fix-Me
100035,Zombie
104807,Newborn
104285,Hero
105479,Sidekick
104709,Fix-Me
103723,Sidekick
104416,Fix-Me
105141,Hero
105636,Zombie
103768,Fix-Me
103332,Zombie
103943,Sidekick
104435,Hero
104647,Sidekick
102914,Fix-Me
102491,Sidekick
101891,Fix-Me
105117,Villain
103355,Fix-Me
102901,Zombie
105006,Zombie
100411,Zombie
100244,Zombie
103271,Fix-Me
100240,Zombie
105313,Zombie
103579,Villain
103981,Sidekick
100311,Zombie
103679,Fix-Me
103720,Zombie
104006,Zombie
101227,Villain
102821,Zombie
105033,Zombie
103770,Fix-Me
100842,Fix-Me
101006,Zombie
101874,Zombie
103189,Zombie
103626,Zombie
101689,Sidekick
105142,Fix-Me
104973,Zombie
103322,Zombie
103878,Fix-Me
103308,Fix-Me
104772,Zombie
103753,Zombie
103748,Zombie
105261,Zombie
103333,Fix-Me
104534,Villain
103172,Zombie
100762,Fix-Me
100367,Zombie
103976,Fix-Me
101688,Villain
103636,Fix-Me
104943,Zombie
101690,Zombie
101666,Zombie
105017,Zombie
105154,Zombie
103474,Sidekick
103910,Zombie
101198,Sidekick
102481,Sidekick
101055,Zombie
103360,Sidekick
105398,Zombie
105639,Fix-Me
100990,Villain
105161,Newborn
104832,Fix-Me
102827,Zombie
102869,Zombie
104085,Villain
100777,Fix-Me
100277,Zombie
102470,Sidekick
100168,Zombie
100287,Zombie
100256,Zombie
101862,Zombie
104406,Hero
101631,Zombie
104466,Fix-Me
103269,Fix-Me
101062,Fix-Me
102568,Sidekick
103270,Zombie
105317,Villain
104487,Zombie
104784,Zombie
101714,Zombie
100215,Zombie
104037,Zombie
101643,Sidekick
103955,Fix-Me
101715,Zombie
104421,Zombie
103817,Zombie
104574,Zombie
102529,Zombie
104497,Fix-Me
102520,Sidekick
104701,Zombie
100341,Zombie
102885,Fix-Me
104938,Fix-Me
104969,Hero
101083,Zombie
103261,Villain
101489,Sidekick
103692,Zombie
105487,Villain
105155,Hero
103109,Sidekick
103276,Villain
103312,Fix-Me
104966,Fix-Me
105359,Sidekick
104814,Zombie
103693,Zombie
104484,Zombie
102998,Hero
104882,Zombie
102903,Sidekick
102548,Villain
103954,Villain
105353,Zombie
101233,Sidekick
105051,Zombie
104715,Hero
103358,Zombie
105616,Villain
104091,Fix-Me
104702,Fix-Me
103461,Zombie
100854,Fix-Me
104941,Zombie
105515,Sidekick
104002,Newborn
101210,Sidekick
102843,Sidekick
103188,Zombie
104347,Villain
103287,Zombie
100110,Villain
102543,Zombie
103302,Zombie
104493,Zombie
104796,Zombie
103335,Fix-Me
101741,Zombie
105152,Zombie
100686,Zombie
102852,Sidekick
103115,Zombie
103237,Zombie
100103,Zombie
101746,Zombie
105500,Villain
105120,Zombie
100145,Zombie
104992,Fix-Me
103965,Fix-Me
103668,Villain
103691,Zombie
103880,Zombie
100015,Zombie
100718,Zombie
101128,Zombie
102836,Zombie
104748,Newborn
103787,Zombie
105005,Zombie
100998,Villain
100748,Zombie
101476,Fix-Me
105022,Zombie
105508,Fix-Me
105378,Fix-Me
103919,Villain
103941,Villain
104853,Zombie
100262,Zombie
100329,Zombie
105562,Zombie
100020,Villain
102534,Fix-Me
103956,Sidekick
101691,Zombie
101503,Sidekick
101084,Zombie
100378,Sidekick
102464,Sidekick
103791,Zombie
103602,Fix-Me
100373,Zombie
105675,Newborn
103708,Zombie
100260,Zombie
104894,Zombie
105599,Zombie
103336,Zombie
104501,Villain
101752,Zombie
103331,Zombie
104737,Fix-Me
103463,Zombie
100995,Zombie
103012,Villain
100678,Zombie
101730,Zombie
100269,Zombie
104099,Sidekick
105341,Hero
100045,Sidekick
100446,Zombie
104744,Zombie
103367,Villain
105283,Zombie
102888,Zombie
105641,Fix-Me
101322,Villain
102931,Fix-Me
100173,Zombie
104703,Fix-Me
101215,Zombie
104775,Zombie
105321,Villain
103823,Zombie
103530,Villain
101531,Villain
101079,Zombie
102478,Hero
105600,Zombie
103614,Sidekick
104818,Sidekick
104442,Zombie
104048,Zombie
103813,Zombie
104835,Villain
105368,Villain
101069,Sidekick
105302,Zombie
102580,Fix-Me
100156,Zombie
103241,Zombie
100155,Fix-Me
101667,Zombie
103713,Zombie
104846,Fix-Me
101735,Zombie
101219,Sidekick
101527,Sidekick
101755,Zombie
104961,Villain
103997,Zombie
102556,Zombie
104472,Villain
100448,Villain
104885,Zombie
105309,Zombie
101796,Zombie
101012,Zombie
100114,Sidekick
105510,Zombie
101804,Sidekick
103291,Fix-Me
103535,Zombie
100251,Zombie
101557,Sidekick
102920,Fix-Me
104826,Villain
103250,Fix-Me
101021,Zombie
102452,Sidekick
102818,Zombie
100673,Zombie
105209,Zombie
100996,Fix-Me
105340,Fix-Me
101568,Sidekick
100021,Zombie
105119,Hero
104437,Hero
100345,Zombie
101054,Zombie
105541,Zombie
100093,Zombie
100101,Zombie
103190,Zombie
103798,Fix-Me
103680,Sidekick
101043,Zombie
100354,Zombie
100426,Fix-Me
105201,Zombie
100687,Zombie
100207,Newborn
105499,Villain
101103,Zombie
100208,Zombie
105342,Sidekick
105013,Zombie
104488,Zombie
102503,Fix-Me
105634,Zombie
103469,Zombie
103682,Fix-Me
103942,Villain
103765,Hero
101919,Hero
101799,Newborn
103143,Zombie
101642,Zombie
103285,Villain
104127,Zombie
104887,Zombie
100997,Sidekick
104481,Sidekick
102545,Villain
100765,Zombie
103186,Hero
105045,Zombie
101627,Zombie
101047,Newborn
104752,Zombie
103751,Zombie
100323,Zombie
105298,Sidekick
103918,Sidekick
101181,Fix-Me
100423,Sidekick
103458,Zombie
104833,Fix-Me
101010,Zombie
105595,Zombie
104389,Fix-Me
101562,Villain
100187,Zombie
103622,Zombie
104817,Fix-Me
100682,Zombie
104700,Sidekick
103980,Sidekick
103604,Villain
104050,Zombie
100344,Zombie
104122,Zombie
103854,Fix-Me
104299,Villain
105375,Fix-Me
101229,Fix-Me
100028,Sidekick
105039,Sidekick
103203,Fix-Me
104095,Fix-Me
101108,Zombie
104480,Zombie
104981,Fix-Me
102466,Hero
103249,Villain
101203,Villain
100087,Zombie
105514,Fix-Me
104937,Zombie
103125,Fix-Me
103820,Zombie
100991,Fix-Me
105556,Zombie
104681,Sidekick
101213,Fix-Me
102535,Fix-Me
105308,Zombie
104705,Zombie
105362,Villain
101748,Zombie
104880,Zombie
100104,Zombie
102510,Sidekick
103311,Sidekick
102816,Zombie
100056,Villain
105640,Fix-Me
101686,Fix-Me
100789,Sidekick
105273,Zombie
104297,Hero
105367,Zombie
101228,Fix-Me
101123,Fix-Me
102432,Zombie
100773,Fix-Me
101626,Zombie
101455,Fix-Me
101392,Sidekick
104567,Fix-Me
103694,Zombie
103974,Fix-Me
105215,Fix-Me
101640,Zombie
101534,Sidekick
103129,Zombie
103832,Zombie
103128,Sidekick
100295,Zombie
104980,Fix-Me
104719,Fix-Me
101525,Sidekick
100041,Zombie
105067,Sidekick
105063,Zombie
103779,Zombie
105038,Zombie
102426,Zombie
101125,Zombie
100381,Fix-Me
103850,Zombie
103289,Zombie
103782,Zombie
101193,Fix-Me
104638,Hero
100043,Villain
105568,Sidekick
105280,Zombie
103608,Zombie
100395,Sidekick
100286,Zombie
101199,Fix-Me
105345,Fix-Me
101030,Zombie
103268,Zombie
104879,Zombie
101761,Zombie
101003,Fix-Me
103597,Sidekick
105131,Fix-Me
103802,Zombie
104954,Sidekick
102853,Zombie
101036,Zombie
100095,Zombie
103339,Fix-Me
104771,Zombie
102439,Fix-Me
104736,Zombie
103318,Zombie
104351,Fix-Me
101747,Zombie
104965,Fix-Me
100675,Fix-Me
100258,Zombie
100409,Sidekick
104419,Fix-Me
105383,Sidekick
101732,Zombie
100989,Villain
104717,Sidekick
105293,Zombie
102467,Fix-Me
105237,Sidekick
104931,Zombie
104821,Zombie
100188,Zombie
102549,Fix-Me
100364,Zombie
105056,Fix-Me
101857,Hero
102906,Fix-Me
101459,Villain
103280,Zombie
102530,Zombie
101329,Sidekick
103975,Zombie
101740,Zombie
104038,Zombie
101419,Hero
103170,Zombie
101485,Fix-Me
100011,Hero
100074,Zombie
102812,Zombie
104950,Zombie
100672,Villain
105110,Villain
105518,Zombie
104398,Fix-Me
102557,Fix-Me
104934,Zombie
101172,Villain
103938,Fix-Me
103286,Fix-Me
104948,Sidekick
103825,Zombie
101427,Villain
105282,Zombie
103201,Sidekick
101791,Zombie
100428,Zombie
103120,Zombie
102443,Villain
100148,Zombie
100137,Zombie
101929,Villain
105380,Sidekick
102459,Fix-Me
101860,Sidekick
103603,Sidekick
104746,Newborn
105329,Villain
104496,Villain
100387,Fix-Me
102430,Zombie
105376,Sidekick
102837,Zombie
101056,Sidekick
100146,Zombie
104636,Villain
101700,Zombie
101222,Sidekick
101089,Zombie
103164,Fix-Me
105288,Fix-Me
100174,Zombie
103803,Fix-Me
102866,Zombie
105004,Zombie
104808,Zombie
105382,Hero
100281,Newborn
105311,Zombie
104979,Fix-Me
103246,Villain
103688,Zombie
101173,Hero
102811,Fix-Me
103685,Fix-Me
105127,Sidekick
103657,Sidekick
104928,Zombie
100222,Zombie
101934,Zombie
101072,Zombie
101654,Fix-Me
103321,Zombie
103459,Fix-Me
105521,Zombie
100984,Villain
104889,Zombie
105553,Zombie
102996,Fix-Me
101387,Sidekick
101566,Sidekick
100358,Zombie
104688,Hero
102882,Fix-Me
100210,Zombie
104953,Villain
101019,Zombie
100233,Zombie
103443,Zombie
104349,Fix-Me
104637,Villain
105504,Fix-Me
103243,Zombie
102877,Villain
103130,Zombie
103726,Zombie
104404,Hero
103792,Zombie
102831,Sidekick
102536,Zombie
103465,Zombie
101105,Zombie
101131,Zombie
105297,Zombie
104010,Zombie
104572,Villain
104008,Zombie
102574,Fix-Me
103165,Fix-Me
101805,Fix-Me
103973,Villain
105529,Zombie
101869,Zombie
102513,Zombie
104739,Newborn
100232,Zombie
104441,Fix-Me
102555,Fix-Me
100047,Villain
105128,Villain
105394,Hero
104527,Sidekick
104993,Fix-Me
105399,Zombie
103191,Zombie
104933,Zombie
105465,Sidekick
101457,Fix-Me
104089,Sidekick
100109,Sidekick
102500,Villain
105065,Zombie
101451,Fix-Me
104822,Sidekick
101727,Zombie
103145,Zombie
100157,Zombie
101230,Sidekick
100059,Zombie
103729,Zombie
101439,Sidekick
103840,Fix-Me
104988,Fix-Me
104742,Newborn
103841,Zombie
103700,Zombie
101745,Zombie
100703,Zombie
105125,Fix-Me
104147,Villain
103255,Hero
102886,Zombie
104353,Fix-Me
104482,Villain
104483,Zombie
105393,Villain
105139,Zombie
100294,Zombie
105111,Zombie
101081,Zombie
104125,Sidekick
103195,Zombie
101032,Zombie
103936,Fix-Me
101099,Zombie
105055,Sidekick
100066,Sidekick
100734,Zombie
100182,Zombie
103347,Fix-Me
100184,Zombie
103837,Hero
104624,Zombie
100380,Villain
105060,Zombie
104550,Villain
103005,Hero
103856,Zombie
101075,Zombie
103686,Zombie
104348,Fix-Me
101060,Zombie
101890,Sidekick
103829,Fix-Me
101865,Zombie
102502,Fix-Me
100230,Zombie
102865,Sidekick
102912,Villain
105609,Zombie
103783,Fix-Me
104399,Fix-Me
101171,Hero
101023,Zombie
103937,Fix-Me
105545,Zombie
105049,Zombie
102484,Fix-Me
104905,Villain
104140,Villain
103722,Fix-Me
100169,Zombie
101073,Zombie
103323,Zombie
100274,Newborn
103977,Sidekick
103797,Zombie
101071,Zombie
105023,Zombie
100676,Zombie
103795,Zombie
104805,Zombie
105328,Sidekick
101428,Hero
103350,Zombie
100186,Zombie
105257,Fix-Me
102620,Fix-Me
103534,Villain
101361,Villain
105210,Zombie
105140,Zombie
100444,Fix-Me
102845,Hero
104850,Fix-Me
104471,Hero
101118,Villain
103849,Zombie
105420,Fix-Me
100279,Zombie
101082,Zombie
101053,Zombie
101022,Zombie
105419,Sidekick
105219,Hero
102896,Sidekick
102455,Villain
103930,Fix-Me
103776,Zombie
103695,Zombie
103009,Sidekick
104479,Villain
103857,Zombie
100790,Fix-Me
103704,Zombie
104009,Zombie
104844,Villain
103232,Hero
105200,Fix-Me
105306,Zombie
100319,Zombie
103605,Sidekick
102871,Hero
103755,Sidekick
101323,Hero
104684,Villain
103796,Zombie
104908,Zombie
104005,Zombie
104837,Villain
100308,Zombie
103935,Sidekick
105392,Zombie
104096,Zombie
104476,Sidekick
105485,Sidekick
101132,Zombie
105008,Zombie
105029,Zombie
105086,Zombie
103187,Villain
103674,Fix-Me
100778,Fix-Me
101936,Zombie
105618,Hero
100246,Newborn
101015,Zombie
100129,Zombie
101176,Hero
103315,Fix-Me
100113,Zombie
105003,Zombie
101469,Fix-Me
104782,Zombie
101703,Zombie
103267,Zombie
100449,Villain
105037,Zombie
103365,Hero
100072,Zombie
102495,Fix-Me
104909,Fix-Me
105226,Villain
105422,Fix-Me
100071,Zombie
103234,Fix-Me
104946,Fix-Me
104132,Villain
100022,Villain
100337,Zombie
103356,Fix-Me
103766,Sidekick
100399,Villain
104787,Newborn
104899,Zombie
104829,Villain
100784,Fix-Me
100055,Hero
102509,Fix-Me
100299,Zombie
103870,Zombie
100418,Hero
105386,Sidekick
105464,Zombie
105525,Hero
104998,Fix-Me
105284,Zombie
102427,Zombie
103714,Zombie
100305,Zombie
104806,Newborn
103279,Fix-Me
104884,Zombie
100328,Zombie
103118,Zombie
100085,Zombie
102844,Hero
104425,Villain
105301,Zombie
105370,Zombie
102551,Sidekick
105547,Zombie
103983,Fix-Me
103344,Fix-Me
105066,Zombie
102480,Fix-Me
100180,Zombie
102486,Fix-Me
101759,Zombie
102848,Villain
101447,Fix-Me
105356,Hero
100136,Zombie
102457,Fix-Me
104795,Zombie
100848,Hero
102899,Zombie
100421,Sidekick
105130,Zombie
103265,Fix-Me
103460,Zombie
104098,Zombie
105221,Sidekick
100070,Fix-Me
104743,Zombie
101632,Fix-Me
104400,Zombie
101221,Villain
104935,Villain
103326,Fix-Me
104528,Sidekick
101734,Zombie
101109,Zombie
100288,Zombie
101204,Sidekick
103793,Zombie
100259,Zombie
103998,Zombie
105522,Hero
104750,Newborn
105225,Sidekick
100474,Villain
101106,Zombie
101743,Zombie
104857,Zombie
103309,Fix-Me
101207,Fix-Me
100335,Zombie
101868,Zombie
103638,Zombie
105668,Fix-Me
101232,Fix-Me
100735,Zombie
104690,Fix-Me
104015,Zombie
105322,Hero
100185,Zombie
100791,Fix-Me
104562,Zombie
104942,Zombie
103717,Zombie
100369,Zombie
103800,Zombie
104847,Fix-Me
102854,Zombie
101113,Fix-Me
105028,Newborn
105148,Zombie
101864,Zombie
101440,Hero
104145,Hero
104694,Sidekick
105534,Sidekick
101731,Zombie
100264,Zombie
103646,Zombie
100331,Zombie
105256,Fix-Me
101445,Sidekick
102919,Fix-Me
101737,Zombie
105238,Villain
100683,Zombie
100427,Zombie
105629,Fix-Me
105064,Zombie
103124,Sidekick
103698,Zombie
104470,Hero
103844,Sidekick
101350,Sidekick
102622,Zombie
103361,Zombie
101217,Hero
105043,Zombie
105307,Zombie
100822,Villain
104964,Zombie
105285,Zombie
103659,Zombie
100309,Zombie
103386,Zombie
103683,Fix-Me
103240,Zombie
103967,Villain
103607,Zombie
105236,Sidekick
103316,Zombie
105497,Sidekick
103209,Fix-Me
105330,Sidekick
100102,Zombie
102567,Hero
104944,Fix-Me
105632,Zombie
100076,Villain
100396,Sidekick
103354,Fix-Me
101561,Fix-Me
105395,Fix-Me
105350,Villain
101859,Sidekick
100749,Zombie
100859,Fix-Me
103888,Zombie
104001,Newborn
100255,Zombie
102458,Hero
101758,Zombie
103917,Fix-Me
104706,Villain
105042,Sidekick
103784,Zombie
105488,Sidekick
100414,Fix-Me
104532,Hero
102507,Zombie
103629,Fix-Me
105246,Sidekick
105015,Zombie
100159,Zombie
100413,Sidekick
101668,Zombie
105048,Zombie
105034,Zombie
105143,Zombie
103328,Zombie
103293,Villain
103655,Zombie
101458,Sidekick
104976,Zombie
105377,Sidekick
100219,Zombie
104902,Sidekick
103982,Hero
104985,Fix-Me
104754,Newborn
101080,Zombie
104498,Fix-Me
103329,Zombie
100289,Zombie
104126,Zombie
103911,Fix-Me
100189,Zombie
101486,Fix-Me
103173,Villain
101863,Sidekick
103258,Villain
104491,Zombie
103341,Zombie
100769,Fix-Me
103804,Fix-Me
100096,Zombie
100473,Sidekick
100860,Hero
104463,Zombie
103995,Zombie
100761,Sidekick
105216,Hero
105204,Zombie
104553,Sidekick
105374,Hero
100033,Zombie
104854,Sidekick
105326,Villain
100140,Zombie
101707,Fix-Me
105199,Fix-Me
103781,Zombie
104904,Fix-Me
103993,Zombie
104449,Zombie
105026,Zombie
104450,Zombie
104714,Sidekick
104295,Hero
100179,Zombie
105538,Zombie
101188,Fix-Me
103826,Zombie
104016,Zombie
101475,Zombie
102814,Zombie
103902,Zombie
101488,Sidekick
104565,Fix-Me
102540,Zombie
101456,Sidekick
100152,Zombie
100282,Zombie
103728,Zombie
105358,Fix-Me
103342,Fix-Me
101122,Villain
105347,Fix-Me
103858,Zombie
104417,Zombie
100986,Sidekick
104405,Hero
105387,Sidekick
103259,Villain
103724,Zombie
103273,Villain
103978,Sidekick
103213,Zombie
100158,Zombie
102499,Sidekick
105426,Hero
101563,Villain
105415,Fix-Me
103337,Fix-Me
101738,Zombie
101532,Hero
103364,Fix-Me
102465,Sidekick
104955,Fix-Me
103119,Zombie
102505,Fix-Me
104788,Zombie
100302,Zombie
103774,Zombie
102822,Zombie
100060,Zombie
102566,Sidekick
100032,Zombie
103313,Fix-Me
105270,Fix-Me
101663,Zombie
102531,Zombie
104494,Zombie
104563,Fix-Me
103873,Fix-Me
104831,Villain
105569,Sidekick
103247,Sidekick
104892,Zombie
103661,Fix-Me
104642,Sidekick
103582,Zombie
100303,Zombie
101002,Fix-Me
100134,Zombie
101450,Fix-Me
105402,Sidekick
104020,Sidekick
100846,Fix-Me
103972,Villain
104786,Newborn
104849,Sidekick
104741,Zombie
104557,Hero
103987,Newborn
101867,Zombie
100144,Villain
100024,Zombie
100226,Zombie
103596,Fix-Me
103979,Fix-Me
104686,Sidekick
100398,Fix-Me
105633,Zombie
102774,Zombie
101061,Zombie
103806,Zombie
104393,Hero
105400,Zombie
102539,Fix-Me
100036,Zombie
100223,Zombie
103210,Fix-Me
104755,Zombie
101135,Zombie
104415,Fix-Me
102806,Zombie
104794,Newborn
101621,Fix-Me
101097,Zombie
101038,Fix-Me
101638,Zombie
100029,Zombie
101750,Zombie
103300,Fix-Me
103456,Fix-Me
101138,Zombie
101096,Zombie
100326,Zombie
105552,Zombie
100298,Zombie
104798,Zombie
100212,Zombie
104612,Fix-Me
100062,Zombie
101449,Fix-Me
103277,Fix-Me
105475,Sidekick
104018,Zombie
104134,Zombie
103205,Fix-Me
101477,Fix-Me
105030,Zombie
105542,Sidekick
103248,Villain
102890,Fix-Me
105635,Zombie
103764,Sidekick
101058,Hero
100195,Zombie
101664,Zombie
104860,Hero
104906,Villain
102849,Hero
104945,Sidekick
100386,Fix-Me
103845,Zombie
101801,Zombie
103357,Fix-Me
103539,Sidekick
100261,Zombie
105391,Zombie
103266,Zombie
101190,Fix-Me
103126,Zombie
102433,Zombie
105458,Villain
103464,Fix-Me
103595,Hero
101070,Fix-Me
101462,Fix-Me
101506,Hero
101134,Fix-Me
100089,Fix-Me
104731,Fix-Me
103788,Zombie
101536,Hero
104727,Zombie
100191,Zombie
100133,Zombie
100154,Fix-Me
101441,Hero
101756,Zombie
103769,Sidekick
102528,Zombie
103107,Fix-Me
101646,Fix-Me
104710,Zombie
102479,Fix-Me
105354,Zombie
103221,Villain
100338,Zombie
101565,Villain
100163,Zombie
105471,Fix-Me
101872,Zombie
104799,Zombie
100785,Villain
103426,Fix-Me
104447,Zombie
105372,Villain
103984,Sidekick
103946,Fix-Me
105050,Newborn
101537,Hero
104499,Fix-Me
104100,Zombie
103971,Sidekick
105254,Zombie
104495,Zombie
102542,Zombie
103836,Villain
102932,Newborn
101194,Fix-Me
101226,Sidekick
101454,Villain
100843,Fix-Me
101017,Zombie
103843,Zombie
105089,Hero
104704,Zombie
101416,Fix-Me
100801,Villain
103633,Fix-Me
103890,Zombie
103197,Villain
103697,Zombie
100119,Fix-Me
102526,Zombie
101066,Zombie
100685,Newborn
104569,Zombie
104693,Fix-Me
105549,Zombie
104989,Sidekick
105357,Sidekick
103167,Zombie
105260,Sidekick
100241,Zombie
104121,Sidekick
101087,Zombie
100149,Zombie
100077,Fix-Me
102730,Villain
100811,Fix-Me
101133,Zombie
102826,Zombie
100824,Villain
103599,Zombie
100422,Villain
103290,Sidekick
100225,Zombie
105507,Villain
105551,Zombie
101753,Villain
104912,Villain
101225,Fix-Me
103653,Zombie
104729,Zombie
103304,Zombie
103254,Villain
102892,Fix-Me
101005,Zombie
103609,Zombie
100115,Fix-Me
105032,Zombie
105468,Fix-Me
105268,Sidekick
100019,Fix-Me
100164,Zombie
103689,Zombie
100012,Sidekick
104901,Zombie
105248,Zombie
101554,Hero
105523,Fix-Me
103989,Newborn
103327,Fix-Me
102423,Zombie
105339,Sidekick
105224,Fix-Me
104350,Fix-Me
104444,Zombie
105116,Villain
104477,Villain
101645,Zombie
101346,Hero
100117,Villain
105336,Hero
100300,Zombie
102817,Zombie
104751,Newborn
105540,Zombie
105203,Zombie
101935,Sidekick
100291,Zombie
105418,Fix-Me
101034,Zombie
101528,Villain
102813,Zombie
103940,Hero
104086,Villain
105121,Zombie
105299,Zombie
104643,Fix-Me
105366,Zombie
104962,Zombie
105596,Villain
103202,Fix-Me
104448,Zombie
102454,Fix-Me
101508,Hero
102561,Villain
100016,Villain
103628,Hero
104984,Fix-Me
100100,Zombie
104443,Sidekick
100268,Zombie
100743,Zombie
104461,Villain
102533,Villain
100211,Zombie
105115,Sidekick
103613,Zombie
100402,Zombie
100320,Zombie
101095,Zombie
101744,Zombie
100327,Newborn
103305,Zombie
104963,Villain
104890,Zombie
101736,Zombie
103577,Fix-Me
105044,Fix-Me
100356,Zombie
100088,Zombie
102773,Zombie
103894,Zombie
102923,Fix-Me
100038,Villain
101200,Fix-Me
101065,Zombie
100239,Zombie
104128,Zombie
104940,Fix-Me
101137,Zombie
103706,Zombie
101624,Zombie
103295,Sidekick
104790,Zombie
103859,Zombie
104711,Zombie
100393,Zombie
103810,Zombie
104424,Villain
103815,Zombie
105638,Newborn
105242,Zombie
103968,Hero
100196,Zombie
101764,Zombie
103163,Fix-Me
103272,Sidekick
103667,Sidekick
103310,Zombie
101871,Zombie
100048,Sidekick
105417,Fix-Me
101442,Sidekick
100121,Zombie
105314,Fix-Me
104819,Hero
100122,Zombie
104792,Zombie
104791,Newborn
100217,Zombie
104761,Fix-Me
101187,Hero
100097,Zombie
105389,Sidekick
102876,Zombie
104776,Fix-Me
104987,Newborn
101025,Zombie
105630,Zombie
102856,Zombie
100132,Zombie
103778,Sidekick
104570,Zombie
104049,Zombie
100116,Fix-Me
100415,Sidekick
102829,Villain
101011,Zombie
104426,Fix-Me
101129,Fix-Me
103003,Fix-Me
100349,Zombie
101797,Zombie
100750,Zombie
103790,Zombie
101481,Fix-Me
101699,Zombie
104092,Sidekick
104097,Sidekick
100284,Zombie
102496,Villain
100780,Zombie
105054,Zombie
104677,Villain
100150,Zombie
102434,Zombie
103999,Zombie
100053,Fix-Me
101446,Fix-Me
103833,Zombie
101177,Sidekick
